{
  "model_name": "k-nearest_neighbors_2025-06-09_15-12-28",
  "accuracy": 0.825,
  "precision_macro": 0.9113725490196078,
  "recall_macro": 0.7555555555555555,
  "f1_macro": 0.7892307692307693,
  "precision_weighted": 0.8472549019607843,
  "recall_weighted": 0.825,
  "f1_weighted": 0.8151923076923075,
  "confusion_matrix": [
    [
      14,
      0,
      0,
      0,
      4
    ],
    [
      0,
      5,
      0,
      0,
      0
    ],
    [
      1,
      0,
      2,
      0,
      0
    ],
    [
      2,
      0,
      0,
      1,
      0
    ],
    [
      0,
      0,
      0,
      0,
      11
    ]
  ],
  "classification_report": {
    "0": {
      "precision": 0.8235294117647058,
      "recall": 0.7777777777777778,
      "f1-score": 0.8,
      "support": 18.0
    },
    "1": {
      "precision": 1.0,
      "recall": 1.0,
      "f1-score": 1.0,
      "support": 5.0
    },
    "2": {
      "precision": 1.0,
      "recall": 0.6666666666666666,
      "f1-score": 0.8,
      "support": 3.0
    },
    "3": {
      "precision": 1.0,
      "recall": 0.3333333333333333,
      "f1-score": 0.5,
      "support": 3.0
    },
    "4": {
      "precision": 0.7333333333333333,
      "recall": 1.0,
      "f1-score": 0.8461538461538461,
      "support": 11.0
    },
    "accuracy": 0.825,
    "macro avg": {
      "precision": 0.9113725490196078,
      "recall": 0.7555555555555555,
      "f1-score": 0.7892307692307693,
      "support": 40.0
    },
    "weighted avg": {
      "precision": 0.8472549019607843,
      "recall": 0.825,
      "f1-score": 0.8151923076923075,
      "support": 40.0
    }
  },
  "y_true": [
    0,
    1,
    0,
    0,
    4,
    4,
    4,
    4,
    3,
    3,
    0,
    1,
    0,
    4,
    1,
    0,
    0,
    0,
    4,
    0,
    0,
    1,
    0,
    4,
    0,
    0,
    0,
    0,
    1,
    4,
    0,
    4,
    0,
    0,
    2,
    2,
    4,
    2,
    3,
    4
  ],
  "y_pred": [
    4,
    1,
    0,
    0,
    4,
    4,
    4,
    4,
    3,
    0,
    0,
    1,
    0,
    4,
    1,
    0,
    0,
    0,
    4,
    0,
    0,
    1,
    0,
    4,
    0,
    4,
    4,
    4,
    1,
    4,
    0,
    4,
    0,
    0,
    2,
    2,
    4,
    0,
    0,
    4
  ],
  "y_proba": [
    [
      0.2,
      0.0,
      0.0,
      0.0,
      0.8
    ],
    [
      0.2,
      0.6,
      0.0,
      0.0,
      0.2
    ],
    [
      0.8,
      0.0,
      0.2,
      0.0,
      0.0
    ],
    [
      1.0,
      0.0,
      0.0,
      0.0,
      0.0
    ],
    [
      0.0,
      0.0,
      0.0,
      0.0,
      1.0
    ],
    [
      0.2,
      0.2,
      0.0,
      0.0,
      0.6
    ],
    [
      0.0,
      0.0,
      0.0,
      0.2,
      0.8
    ],
    [
      0.0,
      0.0,
      0.0,
      0.0,
      1.0
    ],
    [
      0.0,
      0.4,
      0.0,
      0.6,
      0.0
    ],
    [
      0.6,
      0.0,
      0.0,
      0.4,
      0.0
    ],
    [
      1.0,
      0.0,
      0.0,
      0.0,
      0.0
    ],
    [
      0.4,
      0.6,
      0.0,
      0.0,
      0.0
    ],
    [
      1.0,
      0.0,
      0.0,
      0.0,
      0.0
    ],
    [
      0.0,
      0.0,
      0.4,
      0.0,
      0.6
    ],
    [
      0.2,
      0.4,
      0.2,
      0.0,
      0.2
    ],
    [
      0.6,
      0.0,
      0.0,
      0.4,
      0.0
    ],
    [
      0.8,
      0.0,
      0.0,
      0.2,
      0.0
    ],
    [
      1.0,
      0.0,
      0.0,
      0.0,
      0.0
    ],
    [
      0.0,
      0.0,
      0.0,
      0.0,
      1.0
    ],
    [
      0.6,
      0.0,
      0.0,
      0.0,
      0.4
    ],
    [
      1.0,
      0.0,
      0.0,
      0.0,
      0.0
    ],
    [
      0.0,
      0.6,
      0.0,
      0.0,
      0.4
    ],
    [
      1.0,
      0.0,
      0.0,
      0.0,
      0.0
    ],
    [
      0.0,
      0.0,
      0.0,
      0.0,
      1.0
    ],
    [
      1.0,
      0.0,
      0.0,
      0.0,
      0.0
    ],
    [
      0.4,
      0.0,
      0.0,
      0.0,
      0.6
    ],
    [
      0.2,
      0.0,
      0.2,
      0.0,
      0.6
    ],
    [
      0.4,
      0.0,
      0.0,
      0.0,
      0.6
    ],
    [
      0.0,
      0.8,
      0.2,
      0.0,
      0.0
    ],
    [
      0.2,
      0.0,
      0.0,
      0.0,
      0.8
    ],
    [
      0.8,
      0.0,
      0.0,
      0.0,
      0.2
    ],
    [
      0.0,
      0.0,
      0.2,
      0.0,
      0.8
    ],
    [
      1.0,
      0.0,
      0.0,
      0.0,
      0.0
    ],
    [
      1.0,
      0.0,
      0.0,
      0.0,
      0.0
    ],
    [
      0.0,
      0.0,
      0.8,
      0.2,
      0.0
    ],
    [
      0.0,
      0.0,
      0.8,
      0.2,
      0.0
    ],
    [
      0.0,
      0.2,
      0.0,
      0.0,
      0.8
    ],
    [
      0.4,
      0.2,
      0.4,
      0.0,
      0.0
    ],
    [
      0.6,
      0.0,
      0.0,
      0.4,
      0.0
    ],
    [
      0.2,
      0.0,
      0.0,
      0.0,
      0.8
    ]
  ],
  "log_loss": 0.38144510676743415,
  "per_class_metrics": {
    "DrugY": {
      "precision": 0.8235294117647058,
      "recall": 0.7777777777777778,
      "f1_score": 0.8,
      "support": 18
    },
    "drugA": {
      "precision": 1.0,
      "recall": 1.0,
      "f1_score": 1.0,
      "support": 5
    },
    "drugB": {
      "precision": 1.0,
      "recall": 0.6666666666666666,
      "f1_score": 0.8,
      "support": 3
    },
    "drugC": {
      "precision": 1.0,
      "recall": 0.3333333333333333,
      "f1_score": 0.5,
      "support": 3
    },
    "drugX": {
      "precision": 0.7333333333333333,
      "recall": 1.0,
      "f1_score": 0.8461538461538461,
      "support": 11
    }
  },
  "roc_auc_macro": 0.9814176137624415
}