{
  "model_name": "logistic_regression_2025-06-09_15-12-28",
  "accuracy": 0.925,
  "precision_macro": 0.962280701754386,
  "recall_macro": 0.8822222222222222,
  "f1_macro": 0.9128659093876484,
  "precision_weighted": 0.9297149122807017,
  "recall_weighted": 0.925,
  "f1_weighted": 0.9226681028854941,
  "confusion_matrix": [
    [
      17,
      0,
      0,
      0,
      1
    ],
    [
      1,
      4,
      0,
      0,
      0
    ],
    [
      1,
      0,
      2,
      0,
      0
    ],
    [
      0,
      0,
      0,
      3,
      0
    ],
    [
      0,
      0,
      0,
      0,
      11
    ]
  ],
  "classification_report": {
    "0": {
      "precision": 0.8947368421052632,
      "recall": 0.9444444444444444,
      "f1-score": 0.918918918918919,
      "support": 18.0
    },
    "1": {
      "precision": 1.0,
      "recall": 0.8,
      "f1-score": 0.8888888888888888,
      "support": 5.0
    },
    "2": {
      "precision": 1.0,
      "recall": 0.6666666666666666,
      "f1-score": 0.8,
      "support": 3.0
    },
    "3": {
      "precision": 1.0,
      "recall": 1.0,
      "f1-score": 1.0,
      "support": 3.0
    },
    "4": {
      "precision": 0.9166666666666666,
      "recall": 1.0,
      "f1-score": 0.9565217391304348,
      "support": 11.0
    },
    "accuracy": 0.925,
    "macro avg": {
      "precision": 0.962280701754386,
      "recall": 0.8822222222222222,
      "f1-score": 0.9128659093876484,
      "support": 40.0
    },
    "weighted avg": {
      "precision": 0.9297149122807017,
      "recall": 0.925,
      "f1-score": 0.9226681028854941,
      "support": 40.0
    }
  },
  "y_true": [
    0,
    1,
    0,
    0,
    4,
    4,
    4,
    4,
    3,
    3,
    0,
    1,
    0,
    4,
    1,
    0,
    0,
    0,
    4,
    0,
    0,
    1,
    0,
    4,
    0,
    0,
    0,
    0,
    1,
    4,
    0,
    4,
    0,
    0,
    2,
    2,
    4,
    2,
    3,
    4
  ],
  "y_pred": [
    0,
    1,
    0,
    0,
    4,
    4,
    4,
    4,
    3,
    3,
    0,
    0,
    0,
    4,
    1,
    0,
    0,
    0,
    4,
    0,
    0,
    1,
    0,
    4,
    0,
    0,
    4,
    0,
    1,
    4,
    0,
    4,
    0,
    0,
    2,
    2,
    4,
    0,
    3,
    4
  ],
  "y_proba": [
    [
      0.6262771318477247,
      0.015625251337856482,
      0.029412485949191984,
      0.014602759315158061,
      0.3140823715500687
    ],
    [
      0.048807171899248325,
      0.5114735897262622,
      0.08817525798724013,
      0.028710737218968337,
      0.322833243168281
    ],
    [
      0.7037896960479928,
      0.009289581883741422,
      0.27297439273092383,
      0.007170463731825568,
      0.006775865605516406
    ],
    [
      0.9998191570135783,
      0.00014049600078028658,
      1.844606024900209e-05,
      2.9937328677669864e-06,
      1.89071925245794e-05
    ],
    [
      0.0026485503735249705,
      0.004815274799225539,
      0.06255996024720008,
      0.0017675700522459508,
      0.9282086445278035
    ],
    [
      0.16157173035784186,
      0.19462114982930395,
      0.005100372483347879,
      0.041545192318593015,
      0.5971615550109134
    ],
    [
      0.10606044645031222,
      0.06331090256490313,
      0.04813529229607978,
      0.11054990945248296,
      0.6719434492362218
    ],
    [
      0.011063584828010176,
      0.04451060681922031,
      0.11451114143536732,
      0.031035807423870646,
      0.7988788594935317
    ],
    [
      0.0065563195046696564,
      0.18863853793400487,
      0.00229214722569155,
      0.6308022809933311,
      0.17171071434230267
    ],
    [
      0.29070040955927595,
      0.06791858723290492,
      0.026499096617388317,
      0.46159196407615743,
      0.1532899425142734
    ],
    [
      0.9999355558422959,
      3.5650372940062275e-06,
      8.46383551555407e-06,
      9.562608913000152e-06,
      4.285267598154474e-05
    ],
    [
      0.411604209424183,
      0.39372459510047675,
      0.09557881775172886,
      0.06175052465329193,
      0.03734185307031938
    ],
    [
      0.9999991491210033,
      5.976004023293057e-07,
      1.2297536686061716e-07,
      9.663318975046984e-08,
      3.367003767545783e-08
    ],
    [
      0.013334720775291194,
      0.010683511769467033,
      0.08643921612169622,
      0.0019850759492906762,
      0.8875574753842549
    ],
    [
      0.09687111415235357,
      0.3998326792604115,
      0.15786991315061985,
      0.02677640711306868,
      0.31864988632354635
    ],
    [
      0.8578396450299847,
      0.0037451506669071615,
      0.02645821530728495,
      0.07874732825190056,
      0.03320966074392259
    ],
    [
      0.9396389838936264,
      0.005281525174572257,
      0.0007817431277768505,
      0.04267682323443124,
      0.011620924569593195
    ],
    [
      0.9999919932409516,
      5.811881544461315e-07,
      5.661459668922544e-07,
      5.577191457590237e-06,
      1.2822334697220574e-06
    ],
    [
      0.22126508644032014,
      0.029289230278183163,
      0.05485708440507333,
      0.02886188978825705,
      0.6657267090881662
    ],
    [
      0.9483957042597501,
      0.0006145295201471322,
      0.02222966113008962,
      0.0010664393421784236,
      0.02769366574783471
    ],
    [
      0.9990620161314058,
      0.0006326359044081795,
      9.59263396620103e-05,
      2.50820047693226e-05,
      0.0001843396197547167
    ],
    [
      0.05698467424830129,
      0.7386361430841286,
      0.017386305801615525,
      0.12039355634582431,
      0.06659932052013046
    ],
    [
      0.9993193955074836,
      1.7730946949109558e-05,
      0.00019336271809979123,
      0.0003474090499177478,
      0.0001221017775496166
    ],
    [
      0.032701438451880165,
      0.08325580746193163,
      0.00895547191355649,
      0.044272832938898825,
      0.8308144492337329
    ],
    [
      0.9998378556658226,
      0.00010169326060118799,
      2.5218880109634187e-05,
      4.295376818943097e-06,
      3.093681664760223e-05
    ],
    [
      0.8829793420519422,
      0.0011556177889874223,
      0.05358229709787136,
      0.0021828951657602976,
      0.060099847895438575
    ],
    [
      0.4782195515118713,
      0.012938114139917238,
      0.02355909227451881,
      0.0014842015888344158,
      0.4837990404848583
    ],
    [
      0.697540629947884,
      0.022095998880571305,
      0.008893813830374055,
      0.014162060020562226,
      0.25730749732060837
    ],
    [
      0.012142390687000857,
      0.601745860015704,
      0.18783543921874193,
      0.11424144102494105,
      0.0840348690536123
    ],
    [
      0.3950246650358365,
      0.04341925883999423,
      0.04198429127007501,
      0.0761965738093713,
      0.44337521104472294
    ],
    [
      0.9866714169421622,
      0.002398802360372671,
      0.00027631235610741967,
      0.002187225068621388,
      0.008466243272736282
    ],
    [
      0.3421154078331625,
      0.006189996744980204,
      0.226085601547951,
      0.043334158814314454,
      0.38227483505959187
    ],
    [
      0.9727347005501923,
      0.003024912846771857,
      0.0012203865842105666,
      0.01801563036597464,
      0.005004369652850683
    ],
    [
      0.993234207426204,
      0.004359454917519741,
      0.0007111174047328712,
      0.00018744861872090966,
      0.001507771632822338
    ],
    [
      0.07312400344722128,
      0.16850430679474418,
      0.6569299327977637,
      0.054366442957176755,
      0.04707531400309396
    ],
    [
      0.03486803423260884,
      0.15776376990080357,
      0.7048191053968363,
      0.05382855503982214,
      0.04872053542992913
    ],
    [
      0.03193053087283195,
      0.11550578743552009,
      0.013390835596663245,
      0.13375349864977784,
      0.705419347445207
    ],
    [
      0.38325259446380094,
      0.18266359034678634,
      0.3520526210052389,
      0.04696641956161068,
      0.03506477462256323
    ],
    [
      0.09069511198778588,
      0.10505827503927781,
      0.016273319979913,
