{
  "model_name": "random_forest_2025-06-09_15-12-29",
  "accuracy": 0.975,
  "precision_macro": 0.9894736842105264,
  "recall_macro": 0.9818181818181818,
  "f1_macro": 0.985070785070785,
  "precision_weighted": 0.9763157894736842,
  "recall_weighted": 0.975,
  "f1_weighted": 0.9747425997425998,
  "confusion_matrix": [
    [
      18,
      0,
      0,
      0,
      0
    ],
    [
      0,
      5,
      0,
      0,
      0
    ],
    [
      0,
      0,
      3,
      0,
      0
    ],
    [
      0,
      0,
      0,
      3,
      0
    ],
    [
      1,
      0,
      0,
      0,
      10
    ]
  ],
  "classification_report": {
    "0": {
      "precision": 0.9473684210526315,
      "recall": 1.0,
      "f1-score": 0.972972972972973,
      "support": 18.0
    },
    "1": {
      "precision": 1.0,
      "recall": 1.0,
      "f1-score": 1.0,
      "support": 5.0
    },
    "2": {
      "precision": 1.0,
      "recall": 1.0,
      "f1-score": 1.0,
      "support": 3.0
    },
    "3": {
      "precision": 1.0,
      "recall": 1.0,
      "f1-score": 1.0,
      "support": 3.0
    },
    "4": {
      "precision": 1.0,
      "recall": 0.9090909090909091,
      "f1-score": 0.9523809523809523,
      "support": 11.0
    },
    "accuracy": 0.975,
    "macro avg": {
      "precision": 0.9894736842105264,
      "recall": 0.9818181818181818,
      "f1-score": 0.985070785070785,
      "support": 40.0
    },
    "weighted avg": {
      "precision": 0.9763157894736842,
      "recall": 0.975,
      "f1-score": 0.9747425997425998,
      "support": 40.0
    }
  },
  "y_true": [
    0,
    1,
    0,
    0,
    4,
    4,
    4,
    4,
    3,
    3,
    0,
    1,
    0,
    4,
    1,
    0,
    0,
    0,
    4,
    0,
    0,
    1,
    0,
    4,
    0,
    0,
    0,
    0,
    1,
    4,
    0,
    4,
    0,
    0,
    2,
    2,
    4,
    2,
    3,
    4
  ],
  "y_pred": [
    0,
    1,
    0,
    0,
    4,
    4,
    4,
    4,
    3,
    3,
    0,
    1,
    0,
    4,
    1,
    0,
    0,
    0,
    4,
    0,
    0,
    1,
    0,
    4,
    0,
    0,
    0,
    0,
    1,
    4,
    0,
    0,
    0,
    0,
    2,
    2,
    4,
    2,
    3,
    4
  ],
  "y_proba": [
    [
      0.8,
      0.0,
      0.01,
      0.0,
      0.19
    ],
    [
      0.03,
      0.67,
      0.13,
      0.0,
      0.17
    ],
    [
      0.92,
      0.01,
      0.07,
      0.0,
      0.0
    ],
    [
      0.97,
      0.03,
      0.0,
      0.0,
      0.0
    ],
    [
      0.09,
      0.0,
      0.1,
      0.0,
      0.81
    ],
    [
      0.09,
      0.1,
      0.0,
      0.0,
      0.81
    ],
    [
      0.03,
      0.04,
      0.02,
      0.12,
      0.79
    ],
    [
      0.08,
      0.0,
      0.05,
      0.01,
      0.86
    ],
    [
      0.01,
      0.06,
      0.0,
      0.79,
      0.14
    ],
    [
      0.06,
      0.05,
      0.0,
      0.79,
      0.1
    ],
    [
      0.94,
      0.0,
      0.0,
      0.0,
      0.06
    ],
    [
      0.05,
      0.68,
      0.19,
      0.02,
      0.06
    ],
    [
      0.95,
      0.03,
      0.0,
      0.02,
      0.0
    ],
    [
      0.03,
      0.0,
      0.05,
      0.0,
      0.92
    ],
    [
      0.04,
      0.68,
      0.11,
      0.0,
      0.17
    ],
    [
      0.96,
      0.0,
      0.0,
      0.04,
      0.0
    ],
    [
      0.81,
      0.01,
      0.0,
      0.17,
      0.01
    ],
    [
      0.84,
      0.0,
      0.0,
      0.13,
      0.03
    ],
    [
      0.02,
      0.02,
      0.04,
      0.01,
      0.91
    ],
    [
      0.87,
      0.0,
      0.05,
      0.0,
      0.08
    ],
    [
      1.0,
      0.0,
      0.0,
      0.0,
      0.0
    ],
    [
      0.02,
      0.8,
      0.08,
      0.07,
      0.03
    ],
    [
      0.93,
      0.0,
      0.01,
      0.06,
      0.0
    ],
    [
      0.01,
      0.02,
      0.0,
      0.0,
      0.97
    ],
    [
      1.0,
      0.0,
      0.0,
      0.0,
      0.0
    ],
    [
      0.87,
      0.0,
      0.05,
      0.0,
      0.08
    ],
    [
      0.73,
      0.0,
      0.0,
      0.0,
      0.27
    ],
    [
      0.85,
      0.01,
      0.0,
      0.0,
      0.14
    ],
    [
      0.02,
      0.57,
      0.15,
      0.09,
      0.17
    ],
    [
      0.07,
      0.05,
      0.01,
      0.09,
      0.78
    ],
    [
      0.88,
      0.0,
      0.0,
      0.01,
      0.11
    ],
    [
      0.63,
      0.0,
      0.01,
      0.01,
      0.35
    ],
    [
      0.99,
      0.0,
      0.0,
      0.01,
      0.0
    ],
    [
      0.99,
      0.01,
      0.0,
      0.0,
      0.0
    ],
    [
      0.01,
      0.13,
      0.76,
      0.08,
      0.02
    ],
    [
      0.0,
      0.12,
      0.75,
      0.07,
      0.06
    ],
    [
      0.01,
      0.05,
      0.01,
      0.04,
      0.89
    ],
    [
      0.03,
      0.06,
      0.87,
      0.03,
      0.01
    ],
    [
      0.03,
      0.07,
      0.0,
      0.74,
      0.16
    ],
    [
      0.08,
      0.01,
      0.04,
      0.01,
      0.86
    ]
  ],
  "log_loss": 0.19662706846130334,
  "per_class_metrics": {
    "DrugY": {
      "precision": 0.9473684210526315,
      "recall": 1.0,
      "f1_score": 0.972972972972973,
      "support": 18
    },
    "drugA": {
      "precision": 1.0,
      "recall": 1.0,
      "f1_score": 1.0,
      "support": 5
    },
    "drugB": {
      "precision": 1.0,
      "recall": 1.0,
      "f1_score": 1.0,
      "support": 3
    },
    "drugC": {
      "precision": 1.0,
      "recall": 1.0,
      "f1_score": 1.0,
      "support": 3
    },
    "drugX": {
      "precision": 1.0,
      "recall": 0.9090909090909091,
      "f1_score": 0.9523809523809523,
      "support": 11
    }
  },
  "roc_auc_macro": 1.0
}