{
  "model_name": "support_vector_machine_2025-06-09_15-12-28",
  "accuracy": 0.95,
  "precision_macro": 0.9692307692307691,
  "recall_macro": 0.9777777777777779,
  "f1_macro": 0.9715686274509805,
  "precision_weighted": 0.9576923076923076,
  "recall_weighted": 0.95,
  "f1_weighted": 0.9506127450980392,
  "confusion_matrix": [
    [
      16,
      0,
      0,
      0,
      2
    ],
    [
      0,
      5,
      0,
      0,
      0
    ],
    [
      0,
      0,
      3,
      0,
      0
    ],
    [
      0,
      0,
      0,
      3,
      0
    ],
    [
      0,
      0,
      0,
      0,
      11
    ]
  ],
  "classification_report": {
    "0": {
      "precision": 1.0,
      "recall": 0.8888888888888888,
      "f1-score": 0.9411764705882353,
      "support": 18.0
    },
    "1": {
      "precision": 1.0,
      "recall": 1.0,
      "f1-score": 1.0,
      "support": 5.0
    },
    "2": {
      "precision": 1.0,
      "recall": 1.0,
      "f1-score": 1.0,
      "support": 3.0
    },
    "3": {
      "precision": 1.0,
      "recall": 1.0,
      "f1-score": 1.0,
      "support": 3.0
    },
    "4": {
      "precision": 0.8461538461538461,
      "recall": 1.0,
      "f1-score": 0.9166666666666666,
      "support": 11.0
    },
    "accuracy": 0.95,
    "macro avg": {
      "precision": 0.9692307692307691,
      "recall": 0.9777777777777779,
      "f1-score": 0.9715686274509805,
      "support": 40.0
    },
    "weighted avg": {
      "precision": 0.9576923076923076,
      "recall": 0.95,
      "f1-score": 0.9506127450980392,
      "support": 40.0
    }
  },
  "y_true": [
    0,
    1,
    0,
    0,
    4,
    4,
    4,
    4,
    3,
    3,
    0,
    1,
    0,
    4,
    1,
    0,
    0,
    0,
    4,
    0,
    0,
    1,
    0,
    4,
    0,
    0,
    0,
    0,
    1,
    4,
    0,
    4,
    0,
    0,
    2,
    2,
    4,
    2,
    3,
    4
  ],
  "y_pred": [
    4,
    1,
    0,
    0,
    4,
    4,
    4,
    4,
    3,
    3,
    0,
    1,
    0,
    4,
    1,
    0,
    0,
    0,
    4,
    0,
    0,
    1,
    0,
    4,
    0,
    0,
    4,
    0,
    1,
    4,
    0,
    4,
    0,
    0,
    2,
    2,
    4,
    2,
    3,
    4
  ],
  "y_proba": [
    [
      0.5271945928035215,
      0.02508478240034594,
      0.011484212325830993,
      0.015160869941197263,
      0.42107554252910423
    ],
    [
      0.025871266561669867,
      0.8553711244643933,
      0.051122489265892315,
      0.019316077521681616,
      0.048319042186363126
    ],
    [
      0.82956452769924,
      0.013577213285260329,
      0.10810550977223687,
      0.019004644811508188,
      0.02974810443175481
    ],
    [
      0.9847930848133584,
      0.0027111638103587458,
      0.005350832430244303,
      0.005506035150847869,
      0.001638883795190624
    ],
    [
      0.0047117340168375,
      0.009821605769187102,
      0.01801420706109339,
      0.004241099089055397,
      0.963211354063827
    ],
    [
      0.0850130625301401,
      0.04184854977629888,
      0.0075137560543936275,
      0.025003693856101163,
      0.8406209377830659
    ],
    [
      0.017142478339376512,
      0.016332331750682053,
      0.015406648726496417,
      0.032499212417840595,
      0.918619328765604
    ],
    [
      0.01722916310651265,
      0.015381339747409135,
      0.03158863963458397,
      0.020408139814394717,
      0.9153927176970991
    ],
    [
      0.009958496064962965,
      0.032085900303132235,
      0.012484012215914612,
      0.900871234241781,
      0.04460035717420911
    ],
    [
      0.335480312992133,
      0.02541606546432381,
      0.017048137313685343,
      0.5956870693989818,
      0.02636841483087566
    ],
    [
      0.9838525176201826,
      0.003495292746830857,
      0.004636993198918926,
      0.006247185377118819,
      0.0017680110569486293
    ],
    [
      0.21983965305426506,
      0.6484811787703302,
      0.07773713576067254,
      0.036216558936572024,
      0.01772547347816028
    ],
    [
      0.8929251509072564,
      0.020106280940815614,
      0.018677991616426998,
      0.03040526865968414,
      0.037885307875817106
    ],
    [
      0.008591355922764991,
      0.010743532351083924,
      0.022141541204238,
      0.004008958096936813,
      0.9545146124249767
    ],
    [
      0.04644561301043917,
      0.7395822511352572,
      0.139091177154823,
      0.022274975240781876,
      0.052605983458698775
    ],
    [
      0.8877778159114837,
      0.004895500176725563,
      0.007944168393323035,
      0.08608071041474985,
      0.013301805103718029
    ],
    [
      0.8425476765096359,
      0.012055952457339106,
      0.0053904748319707225,
      0.12298944644955968,
      0.017016449751494547
    ],
    [
      0.9611265839342445,
      0.008526619644660406,
      0.008970729467154936,
      0.013907187381724823,
      0.007468879572215149
    ],
    [
      0.05533302310726689,
      0.01967489743375979,
      0.013499849462607091,
      0.0156842705483111,
      0.8958079594480552
    ],
    [
      0.9522437205574692,
      0.006485051040005082,
      0.003661628794784615,
      0.005467058130958118,
      0.03214254147678336
    ],
    [
      0.9856225957257684,
      0.002840555759451106,
      0.004577730377846389,
      0.00546952361812231,
      0.0014895945188120327
    ],
    [
      0.043398224421839396,
      0.8171684290404146,
      0.020727954331473744,
      0.06064290874343365,
      0.058062483462838224
    ],
    [
      0.9909037770258486,
      0.0023075974246172643,
      0.0014789312417544775,
      0.0039588142228726125,
      0.0013508800849069437
    ],
    [
      0.009377163761009395,
      0.027991986019110505,
      0.006939609198770039,
      0.017667675331383897,
      0.9380235656897259
    ],
    [
      0.9815134740864336,
      0.0035401788669796853,
      0.005743373619910817,
      0.007144851986747827,
      0.00205812143992837
    ],
    [
      0.9146149033765899,
      0.007962629374133516,
      0.0059815299023014655,
      0.007342340014389434,
      0.06409859733258591
    ],
    [
      0.493529812142288,
      0.023291241616243588,
      0.02478237572570519,
      0.005070584792515812,
      0.45332598572324745
    ],
    [
      0.7462268181595589,
      0.04941121307112585,
      0.008854888031128865,
      0.020656600173069698,
      0.1748504805651165
    ],
    [
      0.009543802137908926,
      0.662755011051024,
      0.22661445291621302,
      0.06498322866618242,
      0.03610350522867171
    ],
    [
      0.17612017035391744,
      0.01872302825391453,
      0.022887790441778497,
      0.0335202935832501,
      0.7487487173671395
    ],
    [
      0.9813693871792462,
      0.0024867165587302144,
      0.003569620504114561,
      0.007737883584549838,
      0.004836392173359006
    ],
    [
      0.1254628582430578,
      0.008688439469541414,
      0.020370856221202018,
      0.029668689800827885,
      0.8158091562653709
    ],
    [
      0.9907920005585612,
      0.0009756513301612553,
      0.0007306472830092445,
      0.006641656483655892,
      0.0008600443446122174
    ],
    [
      0.9889975990538948,
      0.0032550286703102284,
      0.0030471615371928935,
      0.0035072614829214873,
      0.0011929492556805382
    ],
    [
      0.03599842126482644,
      0.0418989434262991,
      0.8560441250880872,
      0.038210408252672814,
      0.027848101968114092
    ],
    [
      0.029218194766062685,
      0.03989078644512789,
      0.8514079430040847,
      0.04407570357717253,
      0.035407372207552204
    ],
    [
      0.006181500355737461,
      0.022502383178799105,
      0.0064126246170228135,
      0.04202206436421892,
      0.9228814274842214
    ],
    [
      0.2033698713052473,
      0.08943646953854738,
      0.6525755700853798,
      0.03389198217736052,
      0.020726106893465067
    ],
    [
      0.04948407475093259,
      0.029269615029564235,
      0.011955480748532333,
      0.8816825273981379,
      0.027608302072832977
    ],
    [
